Date,Open,High,Low,Close,Adjusted_Close,Volume
,CRBG,CRBG,CRBG,CRBG,CRBG,CRBG
2022-09-16,20.559999465942383,20.809999465942383,20.0,20.719999313354492,16.390329360961914,4981700
2022-09-19,20.600000381469727,22.0,20.479999542236328,21.6200008392334,17.10226058959961,6419400
2022-09-20,21.290000915527344,21.8700008392334,20.68000030517578,21.549999237060547,17.046886444091797,3881600
2022-09-21,21.649999618530273,21.829999923706055,21.030000686645508,21.190000534057617,16.762117385864258,8229100
2022-09-22,21.0,21.15999984741211,20.56999969482422,20.850000381469727,16.4931640625,1974500
2022-09-23,20.760000228881836,20.829999923706055,20.200000762939453,20.25,16.018539428710938,2401200
2022-09-26,20.100000381469727,20.40999984741211,19.940000534057617,20.040000915527344,15.852418899536133,1132300
2022-09-27,20.31999969482422,20.799999237060547,20.0,20.190000534057617,15.971076011657715,2115200
2022-09-28,20.209999084472656,20.579999923706055,20.059999465942383,20.43000030517578,16.160926818847656,2707400
2022-09-29,20.450000762939453,20.450000762939453,19.479999542236328,19.559999465942383,15.472719192504883,2786100
2022-09-30,19.670000076293945,20.229999542236328,19.139999389648438,19.690000534057617,15.575555801391602,4030500
2022-10-03,19.809999465942383,20.459999084472656,19.658000946044922,20.229999542236328,16.00271987915039,1484700
2022-10-04,20.309999465942383,21.010000228881836,20.260000228881836,20.84000015258789,16.485248565673828,2019100
2022-10-05,20.860000610351562,20.90999984741211,20.399999618530273,20.450000762939453,16.176748275756836,1677100
2022-10-06,20.100000381469727,20.540000915527344,19.8700008392334,19.889999389648438,15.912734031677246,1268100
2022-10-07,19.889999389648438,20.020000457763672,19.579999923706055,19.940000534057617,15.952737808227539,1709400
2022-10-10,19.989999771118164,20.350000381469727,19.3700008392334,19.690000534057617,15.752725601196289,1774200
2022-10-11,19.579999923706055,19.770000457763672,19.18000030517578,19.479999542236328,15.58471965789795,2478800
2022-10-12,19.559999465942383,19.8700008392334,19.270000457763672,19.809999465942383,15.848729133605957,1897600
2022-10-13,19.489999771118164,20.399999618530273,19.420000076293945,20.31999969482422,16.25674819946289,3049300
2022-10-14,20.280000686645508,20.670000076293945,19.950000762939453,20.020000457763672,16.01673698425293,1401200
2022-10-17,20.18000030517578,20.704999923706055,20.1200008392334,20.690000534057617,16.552762985229492,1373900
2022-10-18,20.8700008392334,21.3700008392334,20.8700008392334,21.280000686645508,17.02478790283203,2124800
2022-10-19,21.110000610351562,21.43000030517578,20.700000762939453,20.899999618530273,16.72077178955078,1400100
2022-10-20,20.690000534057617,21.010000228881836,20.459999084472656,20.59000015258789,16.472759246826172,949400
2022-10-21,20.450000762939453,21.690000534057617,20.28700065612793,21.639999389648438,17.312795639038086,2576400
2022-10-24,21.600000381469727,22.08300018310547,21.559999465942383,22.06999969482422,17.65681266784668,1769100
2022-10-25,22.049999237060547,22.579999923706055,22.0,22.3700008392334,17.896827697753906,1216800
2022-10-26,22.190000534057617,22.709999084472656,22.115999221801758,22.479999542236328,17.984832763671875,1577200
2022-10-27,22.579999923706055,22.850000381469727,22.459999084472656,22.6200008392334,18.096830368041992,947500
2022-10-28,22.59000015258789,23.020000457763672,22.399999618530273,23.010000228881836,18.408849716186523,1420300
2022-10-31,23.0,23.260000228881836,22.6299991607666,22.670000076293945,18.136837005615234,1135000
2022-11-01,22.5,22.844999313354492,22.280000686645508,22.739999771118164,18.192838668823242,1026900
2022-11-02,22.770000457763672,23.1299991607666,22.55900001525879,22.639999389648438,18.112834930419922,1194900
2022-11-03,22.389999389648438,22.4950008392334,21.389999389648438,21.40999984741211,17.128786087036133,1636800
2022-11-04,21.520000457763672,21.829999923706055,21.229999542236328,21.770000457763672,17.416805267333984,986900
2022-11-07,21.739999771118164,21.985000610351562,21.56999969482422,21.670000076293945,17.33679962158203,666900
2022-11-08,21.549999237060547,22.209999084472656,21.469999313354492,21.729999542236328,17.384801864624023,967700
2022-11-09,22.0,22.59000015258789,21.510000228881836,21.93000030517578,17.54480743408203,1191800
2022-11-10,22.350000381469727,23.5,21.899999618530273,22.850000381469727,18.280841827392578,2726300
2022-11-11,22.920000076293945,23.260000228881836,22.469999313354492,22.540000915527344,18.032833099365234,1200300
2022-11-14,22.6200008392334,22.850000381469727,22.030000686645508,22.030000686645508,17.624814987182617,1085200
2022-11-15,22.06999969482422,22.829999923706055,22.06999969482422,22.25,17.80082130432129,1078300
2022-11-16,22.110000610351562,22.429000854492188,22.049999237060547,22.139999389648438,17.71281623840332,763000
2022-11-17,22.0,22.149999618530273,21.829999923706055,21.829999923706055,17.464807510375977,1831200
2022-11-18,21.860000610351562,22.139999389648438,21.65999984741211,21.93000030517578,17.54480743408203,634900
2022-11-21,21.860000610351562,21.989999771118164,21.600000381469727,21.920000076293945,17.536808013916016,447700
2022-11-22,21.969999313354492,22.459999084472656,21.969999313354492,22.149999618530273,17.720815658569336,609400
2022-11-23,22.06999969482422,22.6200008392334,22.06999969482422,22.40999984741211,17.9288272857666,796200
2022-11-25,22.399999618530273,22.440000534057617,22.1299991607666,22.389999389648438,17.912824630737305,211400
2022-11-28,22.34000015258789,22.34000015258789,21.559999465942383,21.579999923706055,17.264799118041992,809000
2022-11-29,21.610000610351562,22.0,21.56999969482422,21.709999084472656,17.368797302246094,685100
2022-11-30,21.729999542236328,22.34000015258789,21.549999237060547,22.239999771118164,17.79281997680664,764600
2022-12-01,22.309999465942383,22.420000076293945,22.139999389648438,22.200000762939453,17.760818481445312,648800
2022-12-02,21.84000015258789,22.360000610351562,21.81999969482422,22.059999465942383,17.64881706237793,569200
2022-12-05,21.899999618530273,22.09000015258789,21.190000534057617,21.219999313354492,16.976781845092773,818000
2022-12-06,21.15999984741211,21.43000030517578,20.510000228881836,20.65999984741211,16.528762817382812,1198200
2022-12-07,20.510000228881836,20.8700008392334,20.045000076293945,20.100000381469727,16.08074378967285,1426000
2022-12-08,20.280000686645508,20.520000457763672,19.829999923706055,20.010000228881836,16.008737564086914,2436900
2022-12-09,19.920000076293945,20.3700008392334,19.780000686645508,19.84000015258789,15.872733116149902,1072600
2022-12-12,19.950000762939453,20.459999084472656,19.59000015258789,20.3799991607666,16.304750442504883,1149500
2022-12-13,20.780000686645508,20.950000762939453,20.229999542236328,20.40999984741211,16.328758239746094,1368400
2022-12-14,20.31999969482422,20.850000381469727,20.059999465942383,20.34000015258789,16.272747039794922,1172700
2022-12-15,19.780000686645508,20.100000381469727,19.65999984741211,19.68000030517578,15.924802780151367,1785200
2022-12-16,19.639999389648438,20.049999237060547,18.809999465942383,18.8700008392334,15.269360542297363,8299700
2022-12-19,18.940000534057617,19.530000686645508,18.940000534057617,19.40999984741211,15.706320762634277,1503000
2022-12-20,19.43000030517578,20.030000686645508,19.43000030517578,19.700000762939453,15.940985679626465,2170300
2022-12-21,19.860000610351562,20.639999389648438,19.780000686645508,20.540000915527344,16.620702743530273,2127300
2022-12-22,20.31999969482422,20.469999313354492,19.670000076293945,20.09000015258789,16.256568908691406,1288700
2022-12-23,20.139999389648438,20.360000610351562,19.81999969482422,20.270000457763672,16.4022216796875,1078000
2022-12-27,20.3700008392334,20.479999542236328,19.889999389648438,19.959999084472656,16.1513729095459,679100
2022-12-28,19.889999389648438,20.0,19.719999313354492,19.829999923706055,16.046178817749023,1014600
2022-12-29,19.860000610351562,20.270000457763672,19.860000610351562,20.209999084472656,16.353668212890625,490700
2022-12-30,20.09000015258789,20.200000762939453,19.850000381469727,20.059999465942383,16.2322940826416,967000
2023-01-03,20.06999969482422,20.204999923706055,19.8700008392334,20.139999389648438,16.297021865844727,1340600
2023-01-04,20.219999313354492,20.770000457763672,20.145000457763672,20.68000030517578,16.733989715576172,2679500
2023-01-05,20.719999313354492,20.719999313354492,19.8799991607666,19.969999313354492,16.159465789794922,1570200
2023-01-06,20.200000762939453,20.200000762939453,19.844999313354492,20.09000015258789,16.256568908691406,1852300
2023-01-09,20.229999542236328,20.760000228881836,20.149999618530273,20.440000534057617,16.539779663085938,2639300
2023-01-10,20.489999771118164,20.674999237060547,20.28499984741211,20.350000381469727,16.466955184936523,1028400
2023-01-11,20.31999969482422,20.959999084472656,20.25,20.889999389648438,16.90391731262207,1164900
2023-01-12,20.950000762939453,21.25,20.719999313354492,21.100000381469727,17.0738468170166,1928400
2023-01-13,20.610000610351562,21.149999618530273,20.489999771118164,20.889999389648438,16.90391731262207,1359300
2023-01-17,20.780000686645508,21.329999923706055,20.65999984741211,21.239999771118164,17.187129974365234,1600200
2023-01-18,21.25,21.290000915527344,20.350000381469727,20.350000381469727,16.466955184936523,923800
2023-01-19,20.1200008392334,20.530000686645508,19.959999084472656,20.219999313354492,16.36176109313965,1196800
2023-01-20,20.239999771118164,20.84000015258789,20.229999542236328,20.739999771118164,16.78253746032715,874200
2023-01-23,20.809999465942383,21.229999542236328,20.584999084472656,21.190000534057617,17.14667320251465,1870400
2023-01-24,21.030000686645508,21.510000228881836,20.920000076293945,21.399999618530273,17.31660270690918,1115800
2023-01-25,21.229999542236328,21.639999389648438,21.184999465942383,21.5,17.39752197265625,938600
2023-01-26,21.690000534057617,21.790000915527344,21.479999542236328,21.739999771118164,17.591724395751953,921500
2023-01-27,21.760000228881836,21.860000610351562,21.520000457763672,21.579999923706055,17.462255477905273,756400
2023-01-30,21.43000030517578,21.829999923706055,21.389999389648438,21.389999389648438,17.308509826660156,730900
2023-01-31,21.31999969482422,21.809999465942383,21.139999389648438,21.760000228881836,17.60791015625,1318300
2023-02-01,21.510000228881836,22.0,21.219999313354492,21.600000381469727,17.47844123840332,1702600
2023-02-02,21.6200008392334,21.829999923706055,21.149999618530273,21.489999771118164,17.38943099975586,1821800
2023-02-03,21.350000381469727,21.674999237060547,21.25,21.31999969482422,17.251867294311523,1084600
2023-02-06,21.209999084472656,21.709999084472656,21.104999542236328,21.700000762939453,17.559358596801758,1576100
2023-02-07,21.639999389648438,22.049999237060547,21.540000915527344,22.0,17.802112579345703,1694600
2023-02-08,21.93000030517578,22.114999771118164,21.71500015258789,21.850000381469727,17.680736541748047,1650000
2023-02-09,21.979999542236328,22.09000015258789,21.235000610351562,21.40999984741211,17.32469367980957,1298800
2023-02-10,21.239999771118164,21.5,21.15999984741211,21.360000610351562,17.284231185913086,1103200
2023-02-13,21.360000610351562,21.649999618530273,21.18000030517578,21.649999618530273,17.51889991760254,1175600
2023-02-14,21.459999084472656,21.8799991607666,21.40999984741211,21.59000015258789,17.470346450805664,1326600
2023-02-15,21.3700008392334,21.59000015258789,21.219999313354492,21.559999465942383,17.44607162475586,1040700
2023-02-16,21.31999969482422,21.719999313354492,20.540000915527344,20.700000762939453,16.750171661376953,3476200
2023-02-17,20.520000457763672,21.010000228881836,19.889999389648438,20.81999969482422,16.847274780273438,2285000
2023-02-21,20.200000762939453,20.584999084472656,19.860000610351562,20.299999237060547,16.426496505737305,3152900
2023-02-22,20.229999542236328,20.479999542236328,20.100000381469727,20.239999771118164,16.37794303894043,1805800
2023-02-23,20.389999389648438,20.610000610351562,20.184999465942383,20.31999969482422,16.442678451538086,1528600
2023-02-24,20.200000762939453,20.399999618530273,19.959999084472656,20.329999923706055,16.450769424438477,1909000
2023-02-27,20.5,20.670000076293945,20.06999969482422,20.1299991607666,16.288930892944336,1478400
2023-02-28,20.18000030517578,20.44499969482422,20.0,20.219999313354492,16.36176109313965,1498300
2023-03-01,20.489999771118164,20.6299991607666,20.260000228881836,20.469999313354492,16.564056396484375,1847900
2023-03-02,20.299999237060547,20.56999969482422,20.299999237060547,20.5,16.588335037231445,2324100
2023-03-03,20.450000762939453,20.780000686645508,20.405000686645508,20.729999542236328,16.774444580078125,1788700
2023-03-06,20.65999984741211,20.91699981689453,20.43000030517578,20.579999923706055,16.65306854248047,1500300
2023-03-07,20.530000686645508,20.6299991607666,19.924999237060547,20.040000915527344,16.216108322143555,1347000
2023-03-08,19.989999771118164,20.15999984741211,19.5,19.649999618530273,15.900524139404297,1709600
2023-03-09,19.559999465942383,19.600000381469727,18.530000686645508,18.600000381469727,15.05087947845459,2225900
2023-03-10,18.3700008392334,18.575000762939453,17.809999465942383,17.8700008392334,14.460172653198242,2714600
2023-03-13,17.559999465942383,17.559999465942383,16.709999084472656,16.84000015258789,13.626708984375,2870000
2023-03-14,17.360000610351562,17.90999984741211,17.170000076293945,17.239999771118164,13.950385093688965,2300000
2023-03-15,16.700000762939453,16.760000228881836,15.949999809265137,16.389999389648438,13.262574195861816,2436100
2023-03-16,16.100000381469727,16.709999084472656,15.449999809265137,16.559999465942383,13.59085464477539,2106000
2023-03-17,16.3799991607666,16.475000381469727,15.619999885559082,15.630000114440918,12.827601432800293,2374400
2023-03-20,15.890000343322754,16.190000534057617,15.779999732971191,15.800000190734863,12.967120170593262,1392500
2023-03-21,16.270000457763672,16.920000076293945,15.960000038146973,16.68000030517578,13.689339637756348,1943700
2023-03-22,16.610000610351562,16.665000915527344,15.619999885559082,15.630000114440918,12.827601432800293,1862300
2023-03-23,15.729999542236328,15.739999771118164,14.460000038146973,14.75,12.10538387298584,2750800
2023-03-24,14.5,14.670000076293945,14.010000228881836,14.5600004196167,11.949447631835938,2429300
2023-03-27,14.970000267028809,15.300000190734863,14.75,15.220000267028809,12.491114616394043,2258600
2023-03-28,15.149999618530273,15.550000190734863,15.0600004196167,15.289999961853027,12.548563957214355,1840400
2023-03-29,15.619999885559082,15.760000228881836,15.510000228881836,15.710000038146973,12.893258094787598,1973900
2023-03-30,15.899999618530273,16.170000076293945,15.75,15.90999984741211,13.057398796081543,1374300
2023-03-31,16.06999969482422,16.170000076293945,15.5,16.020000457763672,13.147677421569824,3547300
2023-04-03,16.059999465942383,16.110000610351562,15.494999885559082,15.5600004196167,12.770155906677246,2063100
2023-04-04,16.170000076293945,16.350000381469727,15.229999542236328,15.34000015258789,12.589599609375,3118700
2023-04-05,15.100000381469727,15.779999732971191,15.100000381469727,15.680000305175781,12.868636131286621,2646000
2023-04-06,15.65999984741211,16.06999969482422,15.59000015258789,15.9399995803833,13.08202075958252,2109700
2023-04-10,15.75,15.895000457763672,15.579999923706055,15.819999694824219,12.983536720275879,3134100
2023-04-11,15.970000267028809,16.190000534057617,15.609999656677246,15.9399995803833,13.08202075958252,1171000
2023-04-12,16.040000915527344,16.190000534057617,15.824999809265137,16.0,13.13126277923584,1355400
2023-04-13,15.949999809265137,16.329999923706055,15.930000305175781,16.25,13.336438179016113,709300
2023-04-14,16.34000015258789,16.540000915527344,16.014999389648438,16.15999984741211,13.262575149536133,1598200
2023-04-17,16.25,16.739999771118164,16.139999389648438,16.670000076293945,13.681134223937988,1469200
2023-04-18,16.65999984741211,16.790000915527344,16.540000915527344,16.670000076293945,13.681134223937988,1178800
2023-04-19,16.6200008392334,17.19499969482422,16.604999542236328,17.0,13.951966285705566,1229200
2023-04-20,16.739999771118164,16.81999969482422,16.40999984741211,16.559999465942383,13.59085464477539,772700
2023-04-21,16.579999923706055,16.700000762939453,16.200000762939453,16.639999389648438,13.656513214111328,1485900
2023-04-24,16.530000686645508,16.985000610351562,16.530000686645508,16.81999969482422,13.804240226745605,1903600
2023-04-25,16.56999969482422,16.645000457763672,16.1200008392334,16.209999084472656,13.303608894348145,1045400
2023-04-26,16.18000030517578,16.399999618530273,15.90999984741211,16.010000228881836,13.139470100402832,928500
2023-04-27,16.209999084472656,16.709999084472656,16.200000762939453,16.579999923706055,13.607270240783691,1538900
2023-04-28,16.270000457763672,16.920000076293945,16.170000076293945,16.860000610351562,13.837066650390625,1058700
2023-05-01,16.799999237060547,16.8799991607666,16.604999542236328,16.829999923706055,13.812446594238281,1002300
2023-05-02,16.739999771118164,16.829999923706055,15.880000114440918,16.110000610351562,13.221540451049805,1980900
2023-05-03,16.270000457763672,16.649999618530273,15.982999801635742,16.040000915527344,13.164093017578125,1730600
2023-05-04,15.949999809265137,15.949999809265137,14.90999984741211,15.390000343322754,12.630633354187012,3011500
2023-05-05,16.0,16.665000915527344,15.739999771118164,16.639999389648438,13.656513214111328,4589200
2023-05-08,16.700000762939453,16.940000534057617,16.584999084472656,16.729999542236328,13.730375289916992,2135900
2023-05-09,16.989999771118164,17.15999984741211,16.450000762939453,16.799999237060547,13.787826538085938,1646500
2023-05-10,16.84000015258789,16.959999084472656,16.270000457763672,16.59000015258789,13.615477561950684,1420400
2023-05-11,16.389999389648438,16.790000915527344,16.31999969482422,16.739999771118164,13.738582611083984,1000500
2023-05-12,16.84000015258789,16.84000015258789,16.15999984741211,16.290000915527344,13.36926555633545,1453700
2023-05-15,16.5,16.815000534057617,16.290000915527344,16.639999389648438,13.656513214111328,1793700
2023-05-16,16.6299991607666,16.829999923706055,16.490999221801758,16.549999237060547,13.582649230957031,1102900
2023-05-17,16.770000457763672,17.290000915527344,16.670000076293945,17.239999771118164,14.14893627166748,859700
2023-05-18,17.09000015258789,17.1299991607666,16.80500030517578,16.940000534057617,13.902727127075195,1159400
2023-05-19,17.010000228881836,17.139999389648438,16.850000381469727,16.989999771118164,13.943758964538574,1331800
2023-05-22,17.09000015258789,17.309999465942383,16.989999771118164,17.239999771118164,14.14893627166748,1445400
2023-05-23,17.399999618530273,17.979999542236328,17.260000228881836,17.469999313354492,14.33769702911377,1954500
2023-05-24,17.25,17.43000030517578,16.700000762939453,16.979999542236328,13.935552597045898,1361300
2023-05-25,16.920000076293945,17.264999389648438,16.68000030517578,17.239999771118164,14.14893627166748,2266100
2023-05-26,17.260000228881836,17.3700008392334,16.959999084472656,16.989999771118164,13.943758964538574,1837900
2023-05-30,17.049999237060547,17.239999771118164,16.614999771118164,17.18000030517578,14.099692344665527,1513400
2023-05-31,17.059999465942383,17.059999465942383,16.549999237060547,16.6200008392334,13.640100479125977,1280400
2023-06-01,16.959999084472656,17.350000381469727,16.709999084472656,17.09000015258789,14.025829315185547,1880400
2023-06-02,17.520000457763672,18.15999984741211,17.389999389648438,18.059999465942383,14.82191276550293,2183600
2023-06-05,18.079999923706055,18.1299991607666,17.655000686645508,17.690000534057617,14.518253326416016,1387500
2023-06-06,16.700000762939453,17.450000762939453,16.600000381469727,17.219999313354492,14.132519721984863,2579600
2023-06-07,17.09000015258789,17.219999313354492,16.479999542236328,16.59000015258789,13.615477561950684,4405600
2023-06-08,16.989999771118164,17.2549991607666,16.889999389648438,16.889999389648438,13.861688613891602,24542800
2023-06-09,16.93000030517578,17.104999542236328,16.440000534057617,16.65999984741211,13.672927856445312,6424700
2023-06-12,16.780000686645508,17.09000015258789,16.700000762939453,16.719999313354492,13.722168922424316,7352500
2023-06-13,16.75,17.239999771118164,16.7450008392334,17.15999984741211,14.083280563354492,4099300
2023-06-14,17.15999984741211,17.329999923706055,16.8700008392334,17.059999465942383,14.00120735168457,3952500
2023-06-15,16.239999771118164,16.795000076293945,16.1299991607666,16.709999084472656,14.433077812194824,2537400
2023-06-16,16.809999465942383,16.809999465942383,16.43000030517578,16.469999313354492,14.225781440734863,2869000
2023-06-20,16.389999389648438,16.6200008392334,16.145000457763672,16.530000686645508,14.277604103088379,1709900
2023-06-21,16.450000762939453,16.59000015258789,16.3799991607666,16.40999984741211,14.173956871032715,1627300
2023-06-22,16.479999542236328,16.575000762939453,16.315000534057617,16.56999969482422,14.312153816223145,2057400
2023-06-23,16.360000610351562,16.790000915527344,16.25,16.760000228881836,14.476265907287598,7232500
2023-06-26,16.56999969482422,17.010000228881836,16.530000686645508,16.860000610351562,14.562638282775879,3046100
2023-06-27,16.989999771118164,17.56999969482422,16.799999237060547,17.209999084472656,14.864947319030762,5303400
2023-06-28,17.149999618530273,17.309999465942383,16.989999771118164,17.25,14.899496078491211,2170800
2023-06-29,17.5,17.719999313354492,17.3700008392334,17.68000030517578,15.270905494689941,3351200
2023-06-30,17.829999923706055,17.950000762939453,17.59000015258789,17.65999984741211,15.253633499145508,1163100
2023-07-03,17.690000534057617,17.950000762939453,17.690000534057617,17.790000915527344,15.365918159484863,582800
2023-07-05,17.6200008392334,17.979999542236328,17.40999984741211,17.979999542236328,15.530025482177734,1849300
2023-07-06,17.739999771118164,17.809999465942383,17.424999237060547,17.739999771118164,15.322731018066406,1850100
2023-07-07,17.770000457763672,18.1299991607666,17.760000228881836,18.020000457763672,15.564580917358398,2633000
2023-07-10,18.059999465942383,18.30500030517578,18.020000457763672,18.15999984741211,15.685501098632812,1923000
2023-07-11,18.329999923706055,18.790000915527344,18.184999465942383,18.700000762939453,16.151918411254883,2319900
2023-07-12,19.049999237060547,19.239999771118164,18.549999237060547,18.56999969482422,16.03963279724121,2234300
2023-07-13,18.6299991607666,19.0049991607666,18.56999969482422,18.989999771118164,16.402400970458984,1345300
2023-07-14,19.139999389648438,19.18000030517578,18.59000015258789,18.639999389648438,16.100095748901367,1063800
2023-07-17,18.649999618530273,19.059999465942383,18.6299991607666,18.780000686645508,16.221017837524414,1576500
2023-07-18,18.860000610351562,19.290000915527344,18.790000915527344,19.200000762939453,16.58378791809082,1715500
2023-07-19,19.139999389648438,19.40999984741211,19.0049991607666,19.34000015258789,16.704710006713867,1123400
2023-07-20,19.3700008392334,19.399999618530273,19.100000381469727,19.299999237060547,16.6701602935791,1632300
2023-07-21,19.3799991607666,19.450000762939453,19.049999237060547,19.219999313354492,16.601062774658203,986800
2023-07-24,19.219999313354492,19.514999389648438,19.139999389648438,19.350000381469727,16.713348388671875,1233800
2023-07-25,19.290000915527344,19.469999313354492,19.149999618530273,19.18000030517578,16.56651496887207,1421500
2023-07-26,19.149999618530273,19.43000030517578,19.149999618530273,19.270000457763672,16.644248962402344,759600
2023-07-27,19.360000610351562,19.415000915527344,18.78499984741211,18.81999969482422,16.25556755065918,894200
2023-07-28,18.989999771118164,19.1200008392334,18.739999771118164,18.920000076293945,16.34193992614746,1198500
2023-07-31,18.93000030517578,19.165000915527344,18.59000015258789,18.709999084472656,16.16055679321289,1802300
2023-08-01,18.6200008392334,18.770000457763672,18.5,18.739999771118164,16.18646812438965,1510100
2023-08-02,18.530000686645508,18.979999542236328,18.43000030517578,18.969999313354492,16.385128021240234,1842000
2023-08-03,18.959999084472656,19.55500030517578,18.8700008392334,19.479999542236328,16.82563591003418,4198200
2023-08-04,19.579999923706055,19.940000534057617,19.1200008392334,19.489999771118164,16.834272384643555,2727600
2023-08-07,19.530000686645508,19.704999923706055,19.25,19.65999984741211,16.98110580444336,2127400
2023-08-08,19.100000381469727,19.459999084472656,19.100000381469727,19.389999389648438,16.747900009155273,1235600
2023-08-09,19.350000381469727,19.350000381469727,18.3700008392334,18.450000762939453,15.935983657836914,2503900
2023-08-10,18.610000610351562,18.84000015258789,18.045000076293945,18.139999389648438,15.668224334716797,1945500
2023-08-11,18.010000228881836,18.395000457763672,18.010000228881836,18.31999969482422,15.823694229125977,901300
2023-08-14,18.149999618530273,18.420000076293945,18.040000915527344,18.3700008392334,15.866883277893066,946100
2023-08-15,18.3700008392334,18.3700008392334,17.735000610351562,17.829999923706055,15.40046501159668,2199300
2023-08-16,17.780000686645508,18.030000686645508,17.739999771118164,17.899999618530273,15.460926055908203,1506200
2023-08-17,17.940000534057617,18.020000457763672,17.575000762939453,17.68000030517578,15.270905494689941,1328200
2023-08-18,17.600000381469727,17.940000534057617,17.600000381469727,17.920000076293945,15.478204727172852,1223300
2023-08-21,17.979999542236328,18.059999465942383,17.790000915527344,17.850000381469727,15.417739868164062,894400
2023-08-22,17.90999984741211,17.915000915527344,17.399999618530273,17.479999542236328,15.098156929016113,1060500
2023-08-23,17.530000686645508,17.81999969482422,17.424999237060547,17.75,15.331365585327148,984300
2023-08-24,17.760000228881836,18.059999465942383,17.75,17.860000610351562,15.426377296447754,964600
2023-08-25,17.84000015258789,17.96500015258789,17.584999084472656,17.639999389648438,15.236353874206543,983400
2023-08-28,17.739999771118164,18.049999237060547,17.690000534057617,17.90999984741211,15.469566345214844,1069300
2023-08-29,17.90999984741211,18.079999923706055,17.739999771118164,17.75,15.331365585327148,1289900
2023-08-30,17.709999084472656,17.8700008392334,17.649999618530273,17.75,15.331365585327148,1374200
2023-08-31,17.700000762939453,17.8799991607666,17.65999984741211,17.829999923706055,15.40046501159668,1346100
2023-09-01,18.040000915527344,18.280000686645508,18.040000915527344,18.049999237060547,15.59049129486084,804200
2023-09-05,18.09000015258789,18.399999618530273,18.020000457763672,18.040000915527344,15.581851959228516,1825300
2023-09-06,18.010000228881836,18.299999237060547,17.969999313354492,18.190000534057617,15.71141242980957,2237900
2023-09-07,18.030000686645508,18.209999084472656,17.81999969482422,17.920000076293945,15.478204727172852,2297800
2023-09-08,17.84000015258789,18.329999923706055,17.799999237060547,18.200000762939453,15.720050811767578,1393500
2023-09-11,18.420000076293945,18.729999542236328,18.299999237060547,18.3700008392334,15.866883277893066,2015000
2023-09-12,18.34000015258789,18.738000869750977,18.260000228881836,18.709999084472656,16.16055679321289,2008300
2023-09-13,18.790000915527344,18.985000610351562,18.235000610351562,18.31999969482422,15.823694229125977,1952700
2023-09-14,18.399999618530273,18.6299991607666,18.399999618530273,18.600000381469727,16.269807815551758,1496900
2023-09-15,18.549999237060547,19.014999389648438,18.530000686645508,18.760000228881836,16.40976333618164,6864200
2023-09-18,18.700000762939453,18.75,18.440000534057617,18.649999618530273,16.31354331970215,1408900
2023-09-19,18.709999084472656,18.969999313354492,18.709999084472656,18.829999923706055,16.470991134643555,1486600
2023-09-20,18.950000762939453,19.315000534057617,18.8799991607666,19.1200008392334,16.724660873413086,1972200
2023-09-21,19.040000915527344,19.149999618530273,18.885000228881836,18.920000076293945,16.549715042114258,1765800
2023-09-22,19.030000686645508,19.5,19.014999389648438,19.43000030517578,16.99582290649414,3212800
2023-09-25,19.229999542236328,20.21500015258789,19.229999542236328,20.170000076293945,17.643112182617188,2218000
2023-09-26,20.0,20.257999420166016,19.579999923706055,19.639999389648438,17.179513931274414,2618200
2023-09-27,19.690000534057617,19.770000457763672,19.440000534057617,19.690000534057617,17.223251342773438,1463500
2023-09-28,19.690000534057617,20.05500030517578,19.690000534057617,19.829999923706055,17.345712661743164,2239400
2023-09-29,19.809999465942383,20.200000762939453,19.709999084472656,19.75,17.275733947753906,2328100
2023-10-02,19.690000534057617,20.0049991607666,19.670000076293945,19.940000534057617,17.441930770874023,1687200
2023-10-03,19.799999237060547,19.96500015258789,19.315000534057617,19.56999969482422,17.118282318115234,1912500
2023-10-04,19.450000762939453,19.639999389648438,18.889999389648438,19.139999389648438,16.74215316772461,2529100
2023-10-05,18.889999389648438,19.670000076293945,18.889999389648438,19.649999618530273,17.188262939453125,1783200
2023-10-06,19.520000457763672,20.15999984741211,19.520000457763672,20.020000457763672,17.51190757751465,2894400
2023-10-09,19.8700008392334,20.579999923706055,19.809999465942383,20.360000610351562,17.80931282043457,1849700
2023-10-10,20.459999084472656,20.780000686645508,20.459999084472656,20.6299991607666,18.045488357543945,1880900
2023-10-11,20.739999771118164,20.875,20.31100082397461,20.739999771118164,18.141708374023438,2849700
2023-10-12,20.799999237060547,20.850000381469727,20.405000686645508,20.559999465942383,17.984256744384766,1632200
2023-10-13,20.559999465942383,20.860000610351562,20.53499984741211,20.6200008392334,18.036741256713867,1287700
2023-10-16,20.790000915527344,21.33799934387207,20.790000915527344,21.100000381469727,18.456607818603516,2009500
2023-10-17,20.889999389648438,21.670000076293945,20.8799991607666,21.600000381469727,18.893966674804688,2152900
2023-10-18,21.489999771118164,21.709999084472656,21.40999984741211,21.600000381469727,18.893966674804688,1633100
2023-10-19,21.6200008392334,21.735000610351562,21.190000534057617,21.200000762939453,18.54408073425293,2120900
2023-10-20,21.139999389648438,21.28499984741211,20.594999313354492,20.649999618530273,18.06298065185547,2550800
2023-10-23,20.510000228881836,20.770000457763672,20.3799991607666,20.489999771118164,17.92302894592285,1616600
2023-10-24,20.610000610351562,21.0049991607666,20.610000610351562,20.729999542236328,18.13296127319336,1053500
2023-10-25,20.549999237060547,20.739999771118164,19.850000381469727,19.90999984741211,17.415685653686523,2539700
2023-10-26,19.90999984741211,20.385000228881836,19.899999618530273,20.209999084472656,17.678102493286133,3183000
2023-10-27,20.270000457763672,20.270000457763672,19.8700008392334,19.93000030517578,17.433185577392578,2046200
2023-10-30,20.1200008392334,20.35099983215332,19.985000610351562,20.1299991607666,17.608125686645508,1547500
2023-10-31,20.1299991607666,20.3700008392334,19.850000381469727,20.0,17.49441146850586,2114000
2023-11-01,20.604999542236328,20.979999542236328,20.100000381469727,20.969999313354492,18.342893600463867,3414500
2023-11-02,21.360000610351562,21.8700008392334,21.329999923706055,21.709999084472656,18.990188598632812,3427100
2023-11-03,21.65999984741211,21.8799991607666,20.809999465942383,21.079999923706055,18.43911361694336,4377400
2023-11-06,20.549999237060547,20.770000457763672,20.334999084472656,20.479999542236328,17.91427993774414,14873400
2023-11-07,20.43000030517578,20.5049991607666,20.06999969482422,20.360000610351562,17.80931282043457,5841200
2023-11-08,20.440000534057617,20.540000915527344,20.1299991607666,20.18000030517578,17.651865005493164,8798300
2023-11-09,20.329999923706055,20.415000915527344,19.905000686645508,19.969999313354492,17.468172073364258,5270400
2023-11-10,18.940000534057617,19.5,18.825000762939453,19.469999313354492,18.081090927124023,5274700
2023-11-13,19.229999542236328,19.700000762939453,19.094999313354492,19.600000381469727,18.201820373535156,3868500
2023-11-14,19.90999984741211,19.915000915527344,19.55500030517578,19.690000534057617,18.285398483276367,5688600
2023-11-15,19.75,19.8700008392334,19.489999771118164,19.670000076293945,18.26682472229004,2591800
2023-11-16,19.610000610351562,19.84000015258789,19.3700008392334,19.459999084472656,18.071805953979492,1926400
2023-11-17,19.549999237060547,19.6200008392334,19.424999237060547,19.459999084472656,18.071805953979492,2932500
2023-11-20,19.540000915527344,19.719999313354492,19.260000228881836,19.670000076293945,18.26682472229004,3510300
2023-11-21,19.649999618530273,20.0,19.540000915527344,20.0,18.573284149169922,5253100
2023-11-22,20.100000381469727,20.6299991607666,19.899999618530273,20.610000610351562,19.139768600463867,4069300
2023-11-24,20.610000610351562,21.06999969482422,20.610000610351562,20.75,19.2697811126709,2155200
2023-11-27,20.610000610351562,20.8799991607666,20.610000610351562,20.809999465942383,19.325498580932617,4456500
2023-11-28,20.860000610351562,21.079999923706055,20.84000015258789,20.979999542236328,19.483375549316406,3987300
2023-11-29,20.940000534057617,21.100000381469727,20.809999465942383,20.850000381469727,19.36264991760254,3683200
2023-11-30,20.860000610351562,21.094999313354492,20.735000610351562,21.030000686645508,19.52980613708496,4682200
2023-12-01,20.1299991607666,20.469999313354492,20.079999923706055,20.40999984741211,18.954036712646484,15712300
2023-12-04,20.309999465942383,20.665000915527344,20.170000076293945,20.559999465942383,19.09333610534668,7473100
2023-12-05,20.520000457763672,20.594999313354492,20.06999969482422,20.139999389648438,18.70329475402832,5542800
2023-12-06,20.239999771118164,20.420000076293945,20.06999969482422,20.1200008392334,18.684720993041992,2754800
2023-12-07,20.209999084472656,20.315000534057617,20.114999771118164,20.149999618530273,18.71257972717285,2864100
2023-12-08,20.229999542236328,20.530000686645508,20.15999984741211,20.350000381469727,18.8983154296875,3574100
2023-12-11,20.3799991607666,20.635000228881836,20.31999969482422,20.510000228881836,19.04690170288086,4480500
2023-12-12,20.600000381469727,20.829999923706055,20.450000762939453,20.809999465942383,19.325498580932617,4145400
2023-12-13,20.719999313354492,21.520000457763672,20.700000762939453,21.43000030517578,19.90127182006836,9179200
2023-12-14,21.43000030517578,22.110000610351562,21.420000076293945,21.75,20.417579650878906,8657100
2023-12-15,21.739999771118164,22.209999084472656,21.56999969482422,22.079999923706055,20.72736358642578,8444900
2023-12-18,22.100000381469727,22.200000762939453,21.610000610351562,21.799999237060547,20.46451759338379,3786300
2023-12-19,21.889999389648438,22.260000228881836,21.780000686645508,22.06999969482422,20.717975616455078,3362700
2023-12-20,22.020000457763672,22.045000076293945,21.59000015258789,21.600000381469727,20.276769638061523,3767300
2023-12-21,21.690000534057617,21.799999237060547,21.395000457763672,21.690000534057617,20.36125373840332,2364600
2023-12-22,21.790000915527344,21.81999969482422,21.4950008392334,21.59000015258789,20.267383575439453,2002300
2023-12-26,21.610000610351562,21.889999389648438,21.5,21.719999313354492,20.389419555664062,2489300
2023-12-27,21.579999923706055,21.8799991607666,21.530000686645508,21.719999313354492,20.389419555664062,2202700
2023-12-28,21.610000610351562,21.875,21.610000610351562,21.809999465942383,20.47390365600586,1876800
2023-12-29,21.81999969482422,21.899999618530273,21.575000762939453,21.65999984741211,20.33309555053711,2401500
2024-01-02,21.6200008392334,22.108999252319336,21.584999084472656,22.040000915527344,20.68981170654297,3160100
2024-01-03,21.809999465942383,22.05500030517578,21.670000076293945,22.010000228881836,20.661651611328125,2945900
2024-01-04,22.139999389648438,22.709999084472656,22.139999389648438,22.559999465942383,21.17795753479004,3327300
2024-01-05,22.6299991607666,23.385000228881836,22.6299991607666,23.270000457763672,21.84446144104004,4096900
2024-01-08,23.270000457763672,23.5,23.190000534057617,23.469999313354492,22.032209396362305,3327900
2024-01-09,23.489999771118164,23.56999969482422,23.200000762939453,23.559999465942383,22.116695404052734,3735300
2024-01-10,23.559999465942383,23.899999618530273,23.559999465942383,23.899999618530273,22.435867309570312,3448300
2024-01-11,23.93000030517578,24.170000076293945,23.719999313354492,23.979999542236328,22.51096534729004,4050900
2024-01-12,24.06999969482422,24.280000686645508,23.885000228881836,24.170000076293945,22.689327239990234,3574800
2024-01-16,24.239999771118164,24.399999618530273,24.0,24.389999389648438,22.895849227905273,5240200
2024-01-17,24.190000534057617,24.434999465942383,23.8799991607666,24.139999389648438,22.661165237426758,3823400
2024-01-18,24.25,24.364999771118164,23.84000015258789,23.899999618530273,22.435867309570312,3672400
2024-01-19,24.0,24.299999237060547,23.84000015258789,24.280000686645508,22.792591094970703,2190000
2024-01-22,24.5,24.65999984741211,24.31599998474121,24.43000030517578,22.93339729309082,1945300
2024-01-23,24.479999542236328,24.639999389648438,24.280000686645508,24.469999313354492,22.970949172973633,1578000
2024-01-24,24.610000610351562,24.799999237060547,24.5,24.559999465942383,23.055435180664062,2354100
2024-01-25,24.809999465942383,24.93000030517578,24.584999084472656,24.780000686645508,23.261960983276367,2208900
2024-01-26,24.770000457763672,25.020000457763672,24.649999618530273,24.68000030517578,23.1680850982666,1807100
2024-01-29,24.739999771118164,24.770000457763672,24.3799991607666,24.440000534057617,22.942785263061523,2526200
2024-01-30,24.40999984741211,24.790000915527344,24.40999984741211,24.6299991607666,23.12114715576172,2050600
2024-01-31,24.450000762939453,24.719999313354492,24.06999969482422,24.170000076293945,22.689327239990234,3271300
2024-02-01,24.059999465942383,24.100000381469727,23.040000915527344,23.399999618530273,21.96649932861328,4691600
2024-02-02,23.559999465942383,23.860000610351562,23.219999313354492,23.670000076293945,22.219959259033203,4037600
2024-02-05,23.579999923706055,23.6299991607666,23.3799991607666,23.489999771118164,22.05098533630371,2148300
2024-02-06,23.479999542236328,23.725000381469727,23.232999801635742,23.34000015258789,21.91017723083496,3206100
2024-02-07,23.3700008392334,23.545000076293945,23.010000228881836,23.420000076293945,21.985275268554688,3764400
2024-02-08,23.360000610351562,23.46500015258789,23.125,23.3799991607666,21.947723388671875,1666000
2024-02-09,23.290000915527344,23.55500030517578,23.1299991607666,23.510000228881836,22.06975746154785,2053700
2024-02-12,23.489999771118164,23.950000762939453,23.489999771118164,23.760000228881836,22.304445266723633,2779500
2024-02-13,23.610000610351562,23.770000457763672,23.34000015258789,23.690000534057617,22.238733291625977,4918800
2024-02-14,24.079999923706055,24.65999984741211,23.83099937438965,24.56999969482422,23.0648250579834,5292800
2024-02-15,24.809999465942383,25.450000762939453,24.479999542236328,25.030000686645508,23.496644973754883,7345600
2024-02-16,24.40999984741211,25.549999237060547,24.40999984741211,25.350000381469727,23.797040939331055,5164300
2024-02-20,25.239999771118164,25.6299991607666,25.165000915527344,25.34000015258789,23.78765296936035,3620100
2024-02-21,25.5,25.579999923706055,25.014999389648438,25.219999313354492,23.675003051757812,3660200
2024-02-22,25.59000015258789,25.790000915527344,25.079999923706055,25.229999542236328,23.68439483642578,3591900
2024-02-23,25.299999237060547,25.700000762939453,25.100000381469727,25.110000610351562,23.571741104125977,4213300
2024-02-26,25.149999618530273,25.31999969482422,24.55500030517578,24.56999969482422,23.0648250579834,4411900
2024-02-27,24.600000381469727,24.84000015258789,24.520000457763672,24.739999771118164,23.224409103393555,3743600
2024-02-28,24.770000457763672,24.799999237060547,24.270000457763672,24.43000030517578,22.93339729309082,3819300
2024-02-29,24.709999084472656,25.1200008392334,24.200000762939453,24.829999923706055,23.308897018432617,17939900
2024-03-01,25.0,25.3700008392334,24.34000015258789,24.5,22.99911117553711,6673900
2024-03-04,24.610000610351562,24.860000610351562,23.979999542236328,24.049999237060547,22.576679229736328,4408400
2024-03-05,23.93000030517578,24.809999465942383,23.809999465942383,24.600000381469727,23.092987060546875,3905500
2024-03-06,24.530000686645508,24.860000610351562,23.770000457763672,23.780000686645508,22.323219299316406,8679300
2024-03-07,23.989999771118164,24.329999923706055,23.770000457763672,24.299999237060547,22.811365127563477,6345400
2024-03-08,24.389999389648438,24.514999389648438,24.079999923706055,24.489999771118164,22.989723205566406,3123400
2024-03-11,24.5,24.68000030517578,24.260000228881836,24.670000076293945,23.1586971282959,2812700
2024-03-12,24.760000228881836,25.030000686645508,24.5,25.020000457763672,23.48725700378418,3443200
2024-03-13,25.09000015258789,25.190000534057617,24.59000015258789,24.93000030517578,23.402772903442383,5389000
2024-03-14,24.899999618530273,25.520000457763672,24.670000076293945,25.5,24.160755157470703,6800000
2024-03-15,25.309999465942383,25.799999237060547,25.1299991607666,25.40999984741211,24.075481414794922,9479500
2024-03-18,25.440000534057617,26.010000228881836,25.440000534057617,25.790000915527344,24.43552589416504,5327600
2024-03-19,25.68000030517578,26.049999237060547,25.670000076293945,25.8700008392334,24.511322021484375,4278800
2024-03-20,25.950000762939453,27.309999465942383,25.8700008392334,27.229999542236328,25.799896240234375,8351700
2024-03-21,27.479999542236328,27.780000686645508,27.110000610351562,27.530000686645508,26.084142684936523,5601600
2024-03-22,27.649999618530273,27.70800018310547,27.309999465942383,27.540000915527344,26.09361457824707,3693200
2024-03-25,27.469999313354492,28.795000076293945,27.469999313354492,28.389999389648438,26.89897346496582,5639000
2024-03-26,28.440000534057617,28.864999771118164,28.110000610351562,28.149999618530273,26.67157745361328,5243800
2024-03-27,28.299999237060547,28.65999984741211,27.84000015258789,28.149999618530273,26.67157745361328,6791000
2024-03-28,29.399999618530273,29.399999618530273,28.170000076293945,28.729999542236328,27.22111701965332,4342900
2024-04-01,28.670000076293945,28.725000381469727,28.18000030517578,28.309999465942383,26.82317352294922,4844200
2024-04-02,28.110000610351562,28.514999389648438,27.959999084472656,28.329999923706055,26.84212303161621,5220900
2024-04-03,28.510000228881836,29.170000076293945,28.479999542236328,28.950000762939453,27.429563522338867,4668700
2024-04-04,29.09000015258789,29.295000076293945,28.06999969482422,28.100000381469727,26.624204635620117,3473700
2024-04-05,28.100000381469727,28.68000030517578,28.079999923706055,28.68000030517578,27.173742294311523,4259100
2024-04-08,28.68000030517578,28.920000076293945,28.260000228881836,28.309999465942383,26.82317352294922,3325600
2024-04-09,28.56999969482422,28.6200008392334,27.1299991607666,27.209999084472656,25.78094482421875,4950100
2024-04-10,27.309999465942383,27.774999618530273,27.1200008392334,27.360000610351562,25.92306900024414,5858500
2024-04-11,27.239999771118164,27.3700008392334,26.93000030517578,27.290000915527344,25.856746673583984,3378100
2024-04-12,27.25,27.389999389648438,26.649999618530273,26.780000686645508,25.37352752685547,2849200
2024-04-15,27.420000076293945,27.540000915527344,26.459999084472656,26.65999984741211,25.25983238220215,2205800
2024-04-16,26.719999313354492,26.84000015258789,26.3799991607666,26.809999465942383,25.401954650878906,3541600
2024-04-17,26.93000030517578,27.25,26.145000457763672,26.3700008392334,24.985061645507812,3379100
2024-04-18,26.600000381469727,26.854999542236328,26.40999984741211,26.549999237060547,25.155611038208008,2120000
2024-04-19,26.530000686645508,27.0,26.520000457763672,26.979999542236328,25.563026428222656,3278900
2024-04-22,27.209999084472656,27.399999618530273,26.81999969482422,27.079999923706055,25.657773971557617,3967900
2024-04-23,27.209999084472656,27.399999618530273,26.959999084472656,27.329999923706055,25.894643783569336,3392200
2024-04-24,27.299999237060547,27.479999542236328,26.90999984741211,27.15999984741211,25.733572006225586,3346100
2024-04-25,26.8799991607666,27.06999969482422,26.6200008392334,26.68000030517578,25.27878189086914,3769300
2024-04-26,26.969999313354492,27.309999465942383,26.459999084472656,26.75,25.34510612487793,2412200
2024-04-29,26.719999313354492,27.1200008392334,26.700000762939453,26.899999618530273,25.487224578857422,5097100
2024-04-30,26.709999084472656,26.917999267578125,26.5049991607666,26.559999465942383,25.165082931518555,2671300
2024-05-01,26.549999237060547,27.030000686645508,26.549999237060547,26.760000228881836,25.35457992553711,3606700
2024-05-02,27.06999969482422,28.200000762939453,26.899999618530273,28.1200008392334,26.643156051635742,10181800
2024-05-03,28.6299991607666,29.527999877929688,27.7549991607666,28.68000030517578,27.173742294311523,6094000
2024-05-06,28.940000534057617,29.59000015258789,28.8700008392334,29.219999313354492,27.685380935668945,3726700
2024-05-07,29.25,30.040000915527344,29.25,30.040000915527344,28.462316513061523,3428000
2024-05-08,30.040000915527344,30.850000381469727,29.8700008392334,30.81999969482422,29.20134925842285,4937300
2024-05-09,30.950000762939453,30.979999542236328,30.225000381469727,30.25,28.661287307739258,3517800
2024-05-10,30.360000610351562,30.6200008392334,29.405000686645508,29.549999237060547,27.998048782348633,3408400
2024-05-13,29.639999389648438,29.940000534057617,28.829999923706055,29.010000228881836,27.486412048339844,2667400
2024-05-14,28.920000076293945,29.989999771118164,28.799999237060547,29.940000534057617,28.367568969726562,3086400
2024-05-15,29.979999542236328,30.354999542236328,29.709999084472656,30.15999984741211,28.576013565063477,2635500
2024-05-16,33.099998474121094,34.65999984741211,32.209999084472656,32.5099983215332,30.802593231201172,22854600
2024-05-17,32.68000030517578,32.689998626708984,31.15999984741211,31.299999237060547,29.65614128112793,10012800
2024-05-20,31.31999969482422,31.670000076293945,30.479999542236328,30.729999542236328,29.116077423095703,3466200
2024-05-21,30.59000015258789,31.260000228881836,30.540000915527344,31.010000228881836,29.381372451782227,3726500
2024-05-22,30.889999389648438,31.450000762939453,30.75,31.100000381469727,29.466646194458008,2420200
2024-05-23,31.059999465942383,31.3700008392334,30.329999923706055,30.34000015258789,28.746562957763672,3647300
2024-05-24,30.639999389648438,31.09000015258789,30.413000106811523,30.6200008392334,29.011856079101562,2994900
2024-05-28,30.649999618530273,31.0049991607666,29.795000076293945,29.860000610351562,28.29176902770996,3847600
2024-05-29,29.649999618530273,29.719999313354492,29.020000457763672,29.469999313354492,27.922252655029297,3096700
2024-05-30,29.489999771118164,29.80900001525879,29.489999771118164,29.639999389648438,28.083322525024414,4326400
2024-05-31,29.0,29.399999618530273,28.950000762939453,29.170000076293945,27.63800811767578,16939500
2024-06-03,29.25,29.450000762939453,28.959999084472656,29.420000076293945,27.8748779296875,7876500
2024-06-04,28.920000076293945,29.3700008392334,28.670000076293945,28.860000610351562,27.34429168701172,7540600
2024-06-05,29.030000686645508,29.6200008392334,28.6200008392334,29.540000915527344,27.988576889038086,6145300
2024-06-06,29.600000381469727,29.670000076293945,28.78499984741211,28.920000076293945,27.401138305664062,3614700
2024-06-07,28.959999084472656,29.06999969482422,28.760000228881836,28.899999618530273,27.382184982299805,2100400
2024-06-10,28.850000381469727,29.3799991607666,28.739999771118164,29.290000915527344,27.751707077026367,3271000
2024-06-11,29.079999923706055,29.290000915527344,28.719999313354492,28.90999984741211,27.391664505004883,6957800
2024-06-12,29.110000610351562,29.454999923706055,28.979999542236328,29.040000915527344,27.51483726501465,3241100
2024-06-13,29.0,29.079999923706055,28.850000381469727,29.010000228881836,27.486412048339844,2969500
2024-06-14,28.540000915527344,29.1200008392334,28.149999618530273,28.350000381469727,27.07573890686035,6419400
2024-06-17,28.389999389648438,28.809999465942383,28.389999389648438,28.799999237060547,27.50551414489746,2841500
2024-06-18,28.8700008392334,29.299999237060547,28.760000228881836,29.15999984741211,27.849332809448242,3336900
2024-06-20,29.270000457763672,29.700000762939453,29.170000076293945,29.700000762939453,28.365062713623047,3449600
2024-06-21,29.700000762939453,29.739999771118164,29.2549991607666,29.65999984741211,28.326860427856445,5470200
2024-06-24,29.739999771118164,29.979999542236328,29.540000915527344,29.549999237060547,28.221799850463867,3010900
2024-06-25,29.530000686645508,29.709999084472656,29.309999465942383,29.329999923706055,28.011688232421875,2484900
2024-06-26,29.229999542236328,29.309999465942383,28.84000015258789,29.1200008392334,27.811132431030273,3437200
2024-06-27,28.969999313354492,29.28499984741211,28.969999313354492,29.110000610351562,27.80158042907715,3101200
2024-06-28,29.200000762939453,29.690000534057617,28.954999923706055,29.1200008392334,27.811132431030273,5623800
2024-07-01,29.3799991607666,29.660999298095703,29.059999465942383,29.1200008392334,27.811132431030273,3009300
2024-07-02,29.09000015258789,29.649999618530273,29.049999237060547,29.59000015258789,28.260005950927734,2293300
2024-07-03,29.600000381469727,29.829999923706055,29.34000015258789,29.350000381469727,28.030792236328125,1770900
2024-07-05,29.309999465942383,29.440000534057617,28.40999984741211,28.75,27.457761764526367,3757200
2024-07-08,28.729999542236328,29.18000030517578,28.729999542236328,29.030000686645508,27.725175857543945,2843100
2024-07-09,29.020000457763672,29.799999237060547,28.940000534057617,29.489999771118164,28.16449737548828,2294000
2024-07-10,29.389999389648438,30.03499984741211,29.149999618530273,29.950000762939453,28.603824615478516,3606800
2024-07-11,29.8700008392334,30.170000076293945,29.795000076293945,29.940000534057617,28.59427261352539,1994100
2024-07-12,29.979999542236328,30.09000015258789,29.40999984741211,29.440000534057617,28.11674690246582,3064900
2024-07-15,29.739999771118164,30.05500030517578,29.549999237060547,29.899999618530273,28.556068420410156,4081100
2024-07-16,29.959999084472656,30.405000686645508,29.8700008392334,30.1200008392334,28.766183853149414,2768000
2024-07-17,30.010000228881836,30.225000381469727,29.329999923706055,29.559999465942383,28.231353759765625,4297500
2024-07-18,29.5,30.239999771118164,29.469999313354492,29.670000076293945,28.336408615112305,2750900
2024-07-19,29.65999984741211,29.7549991607666,29.18000030517578,29.270000457763672,27.954389572143555,2016700
2024-07-22,29.450000762939453,29.774999618530273,29.360000610351562,29.670000076293945,28.336408615112305,1965200
2024-07-23,29.610000610351562,29.829999923706055,29.44499969482422,29.65999984741211,28.326860427856445,1772300
2024-07-24,29.399999618530273,29.68000030517578,28.8799991607666,29.0,27.696521759033203,2698300
2024-07-25,29.100000381469727,29.520000457763672,28.899999618530273,29.290000915527344,27.97348976135254,2274200
2024-07-26,29.6200008392334,29.90999984741211,29.299999237060547,29.799999237060547,28.4605655670166,2003800
2024-07-29,29.90999984741211,30.299999237060547,29.639999389648438,29.729999542236328,28.393712997436523,2581900
2024-07-30,29.809999465942383,30.334999084472656,29.40999984741211,29.75,28.412813186645508,3266800
2024-07-31,30.030000686645508,30.200000762939453,29.520000457763672,29.549999237060547,28.221799850463867,3677300
2024-08-01,29.40999984741211,29.594999313354492,27.1299991607666,27.709999084472656,26.464502334594727,7399600
2024-08-02,26.600000381469727,27.149999618530273,25.924999237060547,26.209999084472656,25.031925201416016,4750900
2024-08-05,25.049999237060547,25.25,23.969999313354492,24.899999618530273,23.780807495117188,5903500
2024-08-06,25.030000686645508,25.549999237060547,25.0,25.1299991607666,24.000469207763672,2762200
2024-08-07,25.639999389648438,25.829999923706055,24.8700008392334,25.020000457763672,23.895414352416992,3720700
2024-08-08,25.299999237060547,25.958999633789062,25.274999618530273,25.899999618530273,24.73586082458496,2345600
2024-08-09,25.8700008392334,26.350000381469727,25.65999984741211,26.260000228881836,25.079681396484375,2507800
2024-08-12,26.3799991607666,26.75,25.969999313354492,26.25,25.070127487182617,3020400
2024-08-13,26.469999313354492,26.84000015258789,26.315000534057617,26.81999969482422,25.6145076751709,1788300
2024-08-14,26.90999984741211,27.209999084472656,26.780000686645508,27.010000228881836,25.795969009399414,2073000
2024-08-15,27.420000076293945,28.084999084472656,27.350000381469727,27.920000076293945,26.665067672729492,2330200
2024-08-16,27.889999389648438,28.31999969482422,27.829999923706055,28.299999237060547,27.027986526489258,2055300
2024-08-19,28.260000228881836,28.510000228881836,28.21500015258789,28.3700008392334,27.094839096069336,1453000
2024-08-20,28.280000686645508,28.329999923706055,27.735000610351562,27.770000457763672,26.521808624267578,1817400
2024-08-21,27.93000030517578,28.2450008392334,27.84000015258789,28.1200008392334,26.8560791015625,2536300
2024-08-22,28.100000381469727,28.440000534057617,28.079999923706055,28.329999923706055,27.056636810302734,2511500
2024-08-23,28.549999237060547,28.795000076293945,28.360000610351562,28.729999542236328,27.43865966796875,2893500
2024-08-26,28.809999465942383,29.31999969482422,28.549999237060547,28.65999984741211,27.371807098388672,2238700
2024-08-27,28.68000030517578,28.989999771118164,28.670000076293945,28.8700008392334,27.57236671447754,2100000
2024-08-28,28.90999984741211,29.149999618530273,28.700000762939453,28.889999389648438,27.591466903686523,2801400
2024-08-29,29.049999237060547,29.15999984741211,28.770000457763672,28.889999389648438,27.591466903686523,2151100
2024-08-30,29.040000915527344,29.594999313354492,29.020000457763672,29.559999465942383,28.231353759765625,4099200
2024-09-03,29.469999313354492,29.760000228881836,28.709999084472656,28.81999969482422,27.524614334106445,2794600
2024-09-04,28.8700008392334,29.389999389648438,28.270000457763672,28.479999542236328,27.19989776611328,3398800
2024-09-05,28.610000610351562,28.780000686645508,27.600000381469727,27.6299991607666,26.38810157775879,4818800
2024-09-06,27.6200008392334,27.94499969482422,26.420000076293945,26.809999465942383,25.60495948791504,5105200
2024-09-09,27.020000457763672,27.229999542236328,26.59000015258789,27.010000228881836,25.795969009399414,5794700
2024-09-10,27.010000228881836,27.010000228881836,25.969999313354492,26.610000610351562,25.41394805908203,3983500
2024-09-11,26.510000228881836,26.84000015258789,26.065000534057617,26.809999465942383,25.60495948791504,3098000
2024-09-12,26.809999465942383,27.540000915527344,26.65999984741211,27.510000228881836,26.27349281311035,2493500
2024-09-13,27.790000915527344,28.020000457763672,27.329999923706055,27.40999984741211,26.177989959716797,2791200
2024-09-16,27.329999923706055,27.579999923706055,27.030000686645508,27.18000030517578,26.177988052368164,1810300
2024-09-17,27.170000076293945,27.209999084472656,26.829999923706055,26.950000762939453,25.956470489501953,4954000
2024-09-18,27.0,27.420000076293945,26.899999618530273,27.020000457763672,26.023889541625977,4187700
2024-09-19,27.600000381469727,27.979999542236328,27.389999389648438,27.979999542236328,26.948495864868164,2810700
2024-09-20,27.8799991607666,28.084999084472656,27.625,27.8799991607666,26.852182388305664,3406300
2024-09-23,28.09000015258789,28.950000762939453,28.020000457763672,28.59000015258789,27.536008834838867,5730600
2024-09-24,28.649999618530273,29.049999237060547,28.649999618530273,28.799999237060547,27.73826789855957,4811800
2024-09-25,28.799999237060547,28.969999313354492,28.34000015258789,28.3700008392334,27.32411766052246,3581600
2024-09-26,28.600000381469727,28.9950008392334,28.514999389648438,28.950000762939453,27.88273811340332,2335700
2024-09-27,29.030000686645508,29.25,28.739999771118164,28.899999618530273,27.834577560424805,2721800
2024-09-30,28.790000915527344,29.18000030517578,28.56999969482422,29.15999984741211,28.084997177124023,2584400
2024-10-01,29.1299991607666,29.280000686645508,28.149999618530273,28.600000381469727,27.54564094543457,2974000
2024-10-02,28.190000534057617,28.700000762939453,28.190000534057617,28.280000686645508,27.237436294555664,3101600
2024-10-03,28.200000762939453,28.670000076293945,28.084999084472656,28.6200008392334,27.564903259277344,4128000
2024-10-04,29.280000686645508,29.979999542236328,29.229999542236328,29.969999313354492,28.86513328552246,2609100
2024-10-07,29.899999618530273,30.15999984741211,29.6299991607666,29.84000015258789,28.739927291870117,2954500
2024-10-08,29.90999984741211,30.100000381469727,29.219999313354492,29.489999771118164,28.402828216552734,3659500
2024-10-09,29.389999389648438,29.924999237060547,29.344999313354492,29.799999237060547,28.701400756835938,2997100
2024-10-10,30.09000015258789,30.229999542236328,29.75,29.969999313354492,28.86513328552246,2398500
2024-10-11,29.959999084472656,30.6299991607666,29.959999084472656,30.329999923706055,29.211862564086914,2959800
2024-10-14,30.440000534057617,30.875,30.3700008392334,30.639999389648438,29.510433197021484,2178400
2024-10-15,30.700000762939453,30.979000091552734,30.510000228881836,30.559999465942383,29.43338394165039,2073500
2024-10-16,30.84000015258789,31.18000030517578,30.790000915527344,31.06999969482422,29.92458152770996,1923500
2024-10-17,31.450000762939453,32.150001525878906,31.349000930786133,31.719999313354492,30.550617218017578,3435200
2024-10-18,31.729999542236328,31.790000915527344,31.31999969482422,31.709999084472656,30.540985107421875,2148600
2024-10-21,31.850000381469727,31.985000610351562,31.450000762939453,31.469999313354492,30.30983543395996,1909100
2024-10-22,31.420000076293945,31.6200008392334,31.06999969482422,31.25,30.097946166992188,2748500
2024-10-23,31.25,31.489999771118164,31.05500030517578,31.450000762939453,30.290573120117188,2930400
2024-10-24,31.489999771118164,31.93000030517578,31.420000076293945,31.8799991607666,30.704721450805664,2352500
2024-10-25,32.0,32.09000015258789,31.3799991607666,31.549999237060547,30.386886596679688,2362900
2024-10-28,31.75,32.290000915527344,31.75,32.029998779296875,30.84918785095215,2038900
2024-10-29,31.979999542236328,32.18000030517578,31.770000457763672,32.0,30.820297241210938,2709100
2024-10-30,32.04999923706055,32.60499954223633,32.04999923706055,32.08000183105469,30.897348403930664,1935700
2024-10-31,31.950000762939453,32.13999938964844,31.655000686645508,31.770000457763672,30.59877586364746,2745200
2024-11-01,31.790000915527344,32.11000061035156,31.489999771118164,31.6200008392334,30.45430564880371,2148400
2024-11-04,32.130001068115234,32.130001068115234,31.31999969482422,31.549999237060547,30.386886596679688,2569600
2024-11-05,31.979999542236328,32.279998779296875,29.81999969482422,30.0,28.894027709960938,6011900
2024-11-06,32.0,33.81999969482422,31.719999313354492,33.369998931884766,32.13978958129883,6722300
2024-11-07,32.66999816894531,32.96500015258789,31.829999923706055,31.850000381469727,30.675827026367188,3879900
2024-11-08,30.8799991607666,31.020000457763672,30.489999771118164,30.81999969482422,29.68379783630371,14126300
2024-11-11,31.200000762939453,31.270000457763672,30.885000228881836,30.969999313354492,29.82826805114746,10497500
2024-11-12,31.209999084472656,31.239999771118164,30.670000076293945,30.68000030517578,29.548961639404297,4800000
2024-11-13,30.549999237060547,31.209999084472656,30.549999237060547,30.760000228881836,29.626008987426758,5867900
2024-11-14,31.059999465942383,31.059999465942383,30.329999923706055,30.530000686645508,29.404489517211914,3597300
2024-11-15,30.520000457763672,30.729999542236328,29.885000228881836,30.479999542236328,29.356332778930664,3992700
2024-11-18,30.549999237060547,31.0,30.440000534057617,30.799999237060547,29.664535522460938,4385000
2024-11-19,30.309999465942383,30.469999313354492,29.90999984741211,30.43000030517578,29.30817413330078,3783000
2024-11-20,30.479999542236328,30.979999542236328,30.344999313354492,30.639999389648438,29.510433197021484,4110400
2024-11-21,30.75,31.639999389648438,30.610000610351562,31.469999313354492,30.30983543395996,6451900
2024-11-22,31.489999771118164,32.18000030517578,31.489999771118164,31.75,30.579513549804688,5509000
2024-11-25,31.829999923706055,32.15999984741211,31.565000534057617,31.860000610351562,30.68545913696289,5732900
2024-11-26,31.65999984741211,32.04999923706055,31.485000610351562,32.04999923706055,30.868452072143555,3502500
2024-11-27,32.18000030517578,32.41999816894531,32.16999816894531,32.40999984741211,31.215185165405273,2745300
2024-11-29,32.779998779296875,32.779998779296875,32.23699951171875,32.369998931884766,31.17665672302246,1218300
2024-12-02,32.41999816894531,32.540000915527344,31.899999618530273,31.950000762939453,30.772140502929688,2748200
2024-12-03,32.15999984741211,32.400001525878906,31.950000762939453,32.29999923706055,31.109235763549805,4008900
2024-12-04,32.290000915527344,32.619998931884766,32.17499923706055,32.439998626708984,31.24407196044922,3182800
2024-12-05,32.439998626708984,32.79999923706055,32.310001373291016,32.47999954223633,31.282602310180664,3448000
2024-12-06,32.47999954223633,32.54999923706055,31.709999084472656,31.950000762939453,30.772140502929688,4044700
2024-12-09,32.060001373291016,32.38999938964844,31.2549991607666,31.270000457763672,30.117210388183594,3464800
2024-12-10,31.1299991607666,31.290000915527344,29.9950008392334,30.239999771118164,29.125179290771484,3675900
2024-12-11,30.31999969482422,30.485000610351562,29.579999923706055,30.399999618530273,29.279279708862305,6193700
2024-12-12,30.639999389648438,30.950000762939453,30.34000015258789,30.350000381469727,29.23112678527832,3214900
2024-12-13,30.479999542236328,30.9950008392334,30.3700008392334,30.690000534057617,29.5585880279541,2535800
2024-12-16,30.489999771118164,30.829999923706055,30.350000381469727,30.65999984741211,29.529699325561523,2761600
2024-12-17,30.209999084472656,30.459999084472656,29.979999542236328,29.989999771118164,29.10271453857422,2705800
2024-12-18,30.06999969482422,30.420000076293945,28.770000457763672,28.790000915527344,27.93821907043457,3866400
2024-12-19,29.260000228881836,29.639999389648438,28.829999923706055,29.09000015258789,28.229341506958008,3616900
2024-12-20,28.780000686645508,29.90999984741211,28.65999984741211,29.65999984741211,28.78247833251953,5508200
2024-12-23,29.110000610351562,29.770000457763672,29.110000610351562,29.770000457763672,28.889223098754883,2923800
2024-12-24,29.790000915527344,30.084999084472656,29.729999542236328,30.049999237060547,29.16093635559082,1036200
2024-12-26,29.8799991607666,30.315000534057617,29.847999572753906,30.239999771118164,29.34531593322754,1190300
2024-12-27,30.079999923706055,30.485000610351562,29.8700008392334,30.020000457763672,29.131826400756836,1565200
2024-12-30,29.729999542236328,30.149999618530273,29.459999084472656,29.979999542236328,29.093008041381836,2013600
2024-12-31,29.989999771118164,30.260000228881836,29.795000076293945,29.93000030517578,29.04448699951172,1800200
2025-01-02,30.049999237060547,30.579999923706055,30.030000686645508,30.360000610351562,29.461767196655273,1923100
2025-01-03,30.469999313354492,30.829999923706055,30.299999237060547,30.809999465942383,29.89845085144043,1956400
2025-01-06,31.18000030517578,31.739999771118164,30.969999313354492,31.09000015258789,30.170169830322266,4181000
2025-01-07,31.229999542236328,31.549999237060547,31.0049991607666,31.280000686645508,30.354549407958984,2289500
2025-01-08,30.8799991607666,31.399999618530273,30.625,31.350000381469727,30.422475814819336,2642400
2025-01-10,31.25,31.40999984741211,29.950000762939453,30.059999465942383,29.170642852783203,3349600
2025-01-13,29.690000534057617,30.149999618530273,29.459999084472656,29.610000610351562,28.733957290649414,4186400
2025-01-14,29.899999618530273,30.1200008392334,29.594999313354492,29.84000015258789,28.9571533203125,3310700
2025-01-15,30.59000015258789,31.09000015258789,30.3799991607666,30.690000534057617,29.78200340270996,4123900
2025-01-16,30.81999969482422,31.719999313354492,30.760000228881836,31.700000762939453,30.762121200561523,4976100
2025-01-17,31.84000015258789,32.36000061035156,31.80500030517578,31.950000762939453,31.00472640991211,6054200
2025-01-21,32.130001068115234,32.67499923706055,32.130001068115234,32.43000030517578,31.470523834228516,3675100
2025-01-22,32.540000915527344,32.630001068115234,32.2599983215332,32.27000045776367,31.31525993347168,2159100
2025-01-23,32.869998931884766,33.0099983215332,32.584999084472656,32.63999938964844,31.674306869506836,2508700
2025-01-24,32.70000076293945,33.279998779296875,32.650001525878906,33.2599983215332,32.27596664428711,2862100
2025-01-27,32.91999816894531,33.18000030517578,32.41999816894531,32.88999938964844,31.916915893554688,3319400
2025-01-28,32.849998474121094,33.709999084472656,32.7400016784668,32.79999923706055,31.82957649230957,2702300
2025-01-29,32.93000030517578,34.33100128173828,32.93000030517578,34.130001068115234,33.12023162841797,3980700
2025-01-30,34.40999984741211,34.64500045776367,33.959999084472656,34.11000061035156,33.1008186340332,2220500
2025-01-31,34.2400016784668,34.54999923706055,33.56999969482422,33.7599983215332,32.761173248291016,2420900
2025-02-03,32.59000015258789,33.04499816894531,32.439998626708984,32.7400016784668,31.771350860595703,2482100
2025-02-04,32.93000030517578,33.209999084472656,32.654998779296875,32.810001373291016,31.839284896850586,2958200
2025-02-05,32.86000061035156,33.3380012512207,32.779998779296875,33.22999954223633,32.246856689453125,2049000
2025-02-06,33.369998931884766,33.720001220703125,33.11000061035156,33.220001220703125,32.23715591430664,2869700
2025-02-07,33.40999984741211,33.68000030517578,33.06999969482422,33.45000076293945,32.46034240722656,2816000
2025-02-10,33.63999938964844,33.755001068115234,33.06999969482422,33.11000061035156,32.130409240722656,2315900
2025-02-11,33.16999816894531,33.400001525878906,32.81999969482422,33.150001525878906,32.16922378540039,4596400
2025-02-12,32.869998931884766,33.20000076293945,32.4900016784668,32.7599983215332,31.79075813293457,3619800
2025-02-13,31.100000381469727,32.400001525878906,30.40999984741211,32.02000045776367,31.072654724121094,6059900
2025-02-14,32.29999923706055,33.459999084472656,32.08000183105469,33.18000030517578,32.198333740234375,4354900
2025-02-18,33.34000015258789,33.959999084472656,33.27199935913086,33.849998474121094,32.8485107421875,2970000
2025-02-19,33.7599983215332,33.86000061035156,33.099998474121094,33.54999923706055,32.5573844909668,2252500
2025-02-20,33.52000045776367,33.779998779296875,33.04999923706055,33.4900016784668,32.49916076660156,2660000
2025-02-21,33.61000061035156,33.900001525878906,32.20000076293945,32.70000076293945,31.73253631591797,2508700
2025-02-24,32.869998931884766,33.349998474121094,32.599998474121094,32.63999938964844,31.674306869506836,1924000
2025-02-25,32.63999938964844,32.875,31.940000534057617,32.52000045776367,31.557859420776367,2060800
2025-02-26,32.79999923706055,33.41999816894531,32.540000915527344,32.91999816894531,31.94602394104004,1322500
2025-02-27,33.22999954223633,34.209999084472656,33.119998931884766,33.31999969482422,32.33419418334961,2227200
2025-02-28,33.86000061035156,34.84000015258789,33.779998779296875,34.68000030517578,33.653953552246094,3847400
2025-03-03,34.869998931884766,35.358001708984375,33.810001373291016,34.20000076293945,33.18815612792969,2133100
2025-03-04,33.5099983215332,33.55500030517578,31.75,32.060001373291016,31.111473083496094,3728700
2025-03-05,32.13999938964844,33.279998779296875,32.13999938964844,33.220001220703125,32.23715591430664,2719600
2025-03-06,32.7400016784668,32.900001525878906,31.920000076293945,32.06999969482422,31.121173858642578,2812200
2025-03-07,31.850000381469727,32.11000061035156,30.57200050354004,32.040000915527344,31.092065811157227,3439600
2025-03-10,31.209999084472656,31.59000015258789,29.989999771118164,30.5,29.597625732421875,3000600
2025-03-11,30.549999237060547,31.56999969482422,30.48699951171875,31.200000762939453,30.276914596557617,2535600
2025-03-12,31.889999389648438,31.920000076293945,30.809999465942383,31.719999313354492,30.78152847290039,3068500
2025-03-13,31.770000457763672,31.809999465942383,30.489999771118164,30.549999237060547,29.646142959594727,2516500
2025-03-14,30.950000762939453,31.829999923706055,30.780000686645508,31.790000915527344,30.849458694458008,1836100
2025-03-17,31.780000686645508,32.72999954223633,31.350000381469727,32.59000015258789,31.866363525390625,3500600
2025-03-18,32.54999923706055,32.939998626708984,31.985000610351562,32.16999816894531,31.455690383911133,2433500
2025-03-19,32.15999984741211,32.80400085449219,32.0,32.54999923706055,31.827251434326172,2033500
2025-03-20,32.209999084472656,33.04999923706055,32.099998474121094,32.47999954223633,31.758808135986328,2371500
2025-03-21,32.13999938964844,32.564998626708984,31.93000030517578,32.400001525878906,31.680587768554688,9304500
2025-03-24,32.939998626708984,33.2599983215332,32.58000183105469,33.029998779296875,32.29659652709961,2410500
2025-03-25,33.2599983215332,33.86000061035156,33.04999923706055,33.2400016784668,32.50193786621094,1704600
2025-03-26,33.43000030517578,33.86000061035156,32.560001373291016,32.790000915527344,32.06192398071289,1775300
2025-03-27,32.58000183105469,32.59000015258789,31.959999084472656,32.22999954223633,31.514358520507812,2085600
2025-03-28,31.989999771118164,32.40999984741211,31.1299991607666,31.360000610351562,30.663677215576172,1697500
2025-03-31,30.639999389648438,31.799999237060547,30.639999389648438,31.56999969482422,30.8690128326416,1964000
2025-04-01,31.520000457763672,31.709999084472656,30.950000762939453,31.59000015258789,30.88857078552246,2158400
2025-04-02,30.5,32.09000015258789,30.5,31.899999618530273,31.191686630249023,4202600
2025-04-03,29.989999771118164,30.295000076293945,28.6200008392334,28.6299991607666,27.994293212890625,3010800
2025-04-04,26.940000534057617,27.114999771118164,24.670000076293945,25.709999084472656,25.139129638671875,4989700
2025-04-07,24.979999542236328,26.520000457763672,23.690000534057617,25.489999771118164,24.924013137817383,5018700
2025-04-08,26.989999771118164,27.479999542236328,25.059999465942383,25.40999984741211,24.845792770385742,5077000
2025-04-09,24.690000534057617,29.2549991607666,24.540000915527344,28.860000610351562,28.219188690185547,6157800
2025-04-10,27.68000030517578,28.040000915527344,25.920000076293945,26.65999984741211,26.068037033081055,3564400
2025-04-11,26.360000610351562,26.889999389648438,25.31999969482422,26.690000534057617,26.097370147705078,5995200
2025-04-14,27.489999771118164,27.850000381469727,26.93000030517578,27.34000015258789,26.732938766479492,4483500
2025-04-15,27.520000457763672,28.25,27.469999313354492,27.809999465942383,27.192502975463867,2776300
2025-04-16,27.520000457763672,28.25,27.030000686645508,27.290000915527344,26.684049606323242,2151600
2025-04-17,27.260000228881836,28.030000686645508,27.260000228881836,27.700000762939453,27.084943771362305,2840200
2025-04-21,27.440000534057617,27.679000854492188,26.68899917602539,26.989999771118164,26.390708923339844,2105900
2025-04-22,27.520000457763672,28.31999969482422,27.5,28.25,27.622732162475586,2105600
2025-04-23,29.25,30.049999237060547,28.75,29.040000915527344,28.395191192626953,3196700
2025-04-24,29.219999313354492,29.674999237060547,29.014999389648438,29.479999542236328,28.825420379638672,3388700
2025-04-25,29.34000015258789,29.770000457763672,29.1200008392334,29.510000228881836,28.854755401611328,2653000
2025-04-28,29.540000915527344,30.2450008392334,29.34000015258789,29.899999618530273,29.236093521118164,2000500
2025-04-29,29.75,30.469999313354492,29.454999923706055,30.350000381469727,29.676103591918945,2413500
2025-04-30,29.469999313354492,29.99799919128418,29.0049991607666,29.6299991607666,28.972087860107422,3244300
2025-05-01,29.700000762939453,30.280000686645508,29.530000686645508,29.950000762939453,29.284984588623047,1943500
2025-05-02,30.0,30.809999465942383,29.96500015258789,30.65999984741211,29.979219436645508,2298400
2025-05-05,30.209999084472656,30.969999313354492,30.209999084472656,30.559999465942383,29.881439208984375,2722200
2025-05-06,30.3799991607666,32.04999923706055,30.030000686645508,31.290000915527344,30.595232009887695,4547400
2025-05-07,31.469999313354492,31.75,31.079999923706055,31.360000610351562,30.663677215576172,4576300
2025-05-08,31.639999389648438,31.799999237060547,31.149999618530273,31.299999237060547,30.605009078979492,2606700
2025-05-09,31.5,31.530000686645508,31.049999237060547,31.139999389648438,30.448562622070312,1491900
2025-05-12,32.56999969482422,33.06999969482422,32.26499938964844,32.560001373291016,31.837032318115234,2007300
2025-05-13,32.900001525878906,33.11000061035156,32.5099983215332,32.790000915527344,32.06192398071289,2443800
2025-05-14,31.920000076293945,32.47999954223633,31.450000762939453,32.41999816894531,31.70013999938965,10035300
2025-05-15,32.150001525878906,32.470001220703125,31.809999465942383,32.29999923706055,31.582801818847656,3403400
2025-05-16,32.33000183105469,32.8650016784668,32.099998474121094,32.779998779296875,32.05214309692383,3036900
2025-05-19,32.38999938964844,32.935001373291016,32.38999938964844,32.88999938964844,32.159706115722656,2668600
2025-05-20,32.86000061035156,33.400001525878906,32.7239990234375,32.91999816894531,32.18903732299805,3478400
2025-05-21,32.599998474121094,32.7400016784668,31.709999084472656,31.709999084472656,31.005903244018555,4387100
2025-05-22,31.65999984741211,32.08000183105469,31.389999389648438,31.649999618530273,30.947237014770508,2889500
2025-05-23,31.010000228881836,31.81999969482422,30.719999313354492,31.75,31.045019149780273,2923000
2025-05-27,32.119998931884766,32.58000183105469,31.889999389648438,32.54999923706055,31.827251434326172,2720000
2025-05-28,32.529998779296875,32.72999954223633,32.2400016784668,32.33000183105469,31.612138748168945,2626200
2025-05-29,32.439998626708984,32.900001525878906,32.27000045776367,32.66999816894531,31.94458770751953,4030000
2025-05-30,32.5,32.68000030517578,32.27000045776367,32.61000061035156,31.885921478271484,4303000
2025-06-02,32.5,32.689998626708984,31.979999542236328,32.619998931884766,31.89569854736328,2250500
2025-06-03,32.689998626708984,33.040000915527344,32.279998779296875,32.95000076293945,32.21837615966797,1886200
2025-06-04,33.22999954223633,33.22999954223633,32.540000915527344,32.54999923706055,31.827251434326172,3263700
2025-06-05,32.619998931884766,32.939998626708984,32.314998626708984,32.7400016784668,32.013038635253906,2152000
2025-06-06,33.310001373291016,33.41999816894531,33.025001525878906,33.29999923706055,32.56060028076172,1764200
2025-06-09,33.4900016784668,33.58000183105469,33.04999923706055,33.2599983215332,32.521488189697266,2061900
2025-06-10,33.27000045776367,33.27000045776367,32.92300033569336,33.130001068115234,32.394378662109375,2047600
2025-06-11,33.290000915527344,33.34000015258789,32.61000061035156,32.630001068115234,31.905481338500977,3461300
2025-06-12,32.33000183105469,33.04999923706055,32.21500015258789,33.029998779296875,32.29659652709961,2081300
2025-06-13,32.560001373291016,32.83000183105469,31.8799991607666,32.04999923706055,31.338354110717773,2637800
2025-06-16,31.969999313354492,32.55500030517578,31.969999313354492,32.34000015258789,31.860498428344727,2218000
2025-06-17,32.20000076293945,32.34000015258789,31.709999084472656,32.02000045776367,31.545242309570312,2861600
2025-06-18,32.0099983215332,32.939998626708984,32.0099983215332,32.58000183105469,32.09694290161133,3648700
2025-06-20,32.7599983215332,33.0,32.345001220703125,32.630001068115234,32.146202087402344,7669100
2025-06-23,32.459999084472656,32.93000030517578,31.700000762939453,32.77000045776367,32.28412628173828,2842600
2025-06-24,33.18000030517578,33.4900016784668,32.9900016784668,33.25,32.75700378417969,2267900
2025-06-25,33.22999954223633,33.32500076293945,32.72999954223633,33.06999969482422,32.579673767089844,1829300
2025-06-26,34.349998474121094,35.5,34.25,35.0,34.48106002807617,7204500
2025-06-27,35.16999816894531,36.029998779296875,35.060001373291016,35.83000183105469,35.29875183105469,8871000
2025-06-30,35.81999969482422,36.08000183105469,35.32500076293945,35.5,34.9736442565918,3438900
2025-07-01,35.40999984741211,35.67499923706055,35.209999084472656,35.29999923706055,34.776611328125,2304700
2025-07-02,35.29999923706055,35.45000076293945,34.90999984741211,35.349998474121094,34.825870513916016,2656600
2025-07-03,35.56999969482422,35.93000030517578,35.474998474121094,35.779998779296875,35.24949264526367,2092800
2025-07-07,35.529998779296875,35.88999938964844,35.03900146484375,35.09000015258789,34.569725036621094,3069700
2025-07-08,35.13999938964844,35.689998626708984,35.040000915527344,35.16999816894531,34.64853286743164,3573800
2025-07-09,35.470001220703125,35.529998779296875,34.11000061035156,34.22999954223633,33.72247314453125,2446800
2025-07-10,34.41999816894531,34.66999816894531,34.23500061035156,34.560001373291016,34.04758071899414,2022200
2025-07-11,34.650001525878906,34.724998474121094,34.20500183105469,34.5,33.98847198486328,2196300
2025-07-14,34.5099983215332,34.974998474121094,34.400001525878906,34.970001220703125,34.451507568359375,2301200
2025-07-15,34.900001525878906,35.084999084472656,34.310001373291016,34.33000183105469,33.82099151611328,2710600
2025-07-16,34.54999923706055,34.8849983215332,34.040000915527344,34.75,34.234764099121094,2551200
2025-07-17,34.54999923706055,35.34000015258789,34.470001220703125,35.29999923706055,34.776611328125,2336200
2025-07-18,35.33000183105469,35.400001525878906,34.959999084472656,35.2599983215332,34.73720169067383,1570100
2025-07-21,35.38999938964844,35.459999084472656,34.52000045776367,34.560001373291016,34.04758071899414,2549700
2025-07-22,34.4900016784668,35.13999938964844,34.369998931884766,34.959999084472656,34.441650390625,1900000
2025-07-23,35.290000915527344,35.52000045776367,35.09000015258789,35.380001068115234,34.85542678833008,1470200
2025-07-24,35.31999969482422,35.470001220703125,34.970001220703125,35.0099983215332,34.490909576416016,1703500
2025-07-25,35.13999938964844,35.70500183105469,35.02000045776367,35.630001068115234,35.10171890258789,1824400
2025-07-28,35.65999984741211,35.915000915527344,35.52000045776367,35.880001068115234,35.3480110168457,2542100
2025-07-29,36.0,36.40999984741211,35.84000015258789,35.939998626708984,35.40711975097656,2247500
2025-07-30,35.78499984741211,35.82500076293945,34.939998626708984,35.150001525878906,34.62883758544922,2563500
2025-07-31,35.279998779296875,35.83000183105469,35.17499923706055,35.560001373291016,35.03275680541992,2047100
2025-08-01,34.86000061035156,34.880001068115234,33.845001220703125,34.47999954223633,33.96876907348633,3383900
2025-08-04,34.7400016784668,34.900001525878906,34.470001220703125,34.790000915527344,34.274169921875,3887500
2025-08-05,35.459999084472656,36.56999969482422,33.470001220703125,34.29999923706055,33.79143524169922,4905000
2025-08-06,34.369998931884766,34.900001525878906,34.09000015258789,34.22999954223633,33.72247314453125,2994300
2025-08-07,33.59000015258789,34.0,33.025001525878906,33.20000076293945,32.70774459838867,21922800
2025-08-08,33.40999984741211,33.55500030517578,33.209999084472656,33.29999923706055,32.8062629699707,7463100
2025-08-11,33.560001373291016,33.65999984741211,33.31999969482422,33.34000015258789,32.84566879272461,7512200
2025-08-12,33.58000183105469,34.25,33.41999816894531,34.25,33.74217987060547,8438400
2025-08-13,34.369998931884766,34.53499984741211,34.040000915527344,34.119998931884766,33.614105224609375,6417200
2025-08-14,34.0,34.2599983215332,33.68000030517578,34.2400016784668,33.73232650756836,4563400
2025-08-15,34.41999816894531,34.470001220703125,33.70000076293945,33.790000915527344,33.28900146484375,2900500
2025-08-18,33.70000076293945,34.11000061035156,33.584999084472656,34.11000061035156,33.60425567626953,2838600
2025-08-19,34.119998931884766,34.32500076293945,33.959999084472656,34.130001068115234,33.62396240234375,3829500
2025-08-20,34.029998779296875,34.27000045776367,33.709999084472656,34.20000076293945,33.69292068481445,3710400
2025-08-21,34.029998779296875,34.29999923706055,33.814998626708984,34.11000061035156,33.60425567626953,2812400
2025-08-22,34.34000015258789,35.04999923706055,34.26499938964844,34.970001220703125,34.451507568359375,2729400
2025-08-25,34.959999084472656,35.09000015258789,34.599998474121094,34.630001068115234,34.116546630859375,1684200
2025-08-26,34.470001220703125,35.084999084472656,34.439998626708984,34.97999954223633,34.46135330200195,2000600
2025-08-27,34.88999938964844,35.18000030517578,34.8650016784668,34.970001220703125,34.451507568359375,2010800
2025-08-28,35.119998931884766,35.21500015258789,34.810001373291016,34.88999938964844,34.37268829345703,1630200
2025-08-29,34.900001525878906,35.0099983215332,34.584999084472656,34.77000045776367,34.25447082519531,1565200
2025-09-02,34.349998474121094,34.474998474121094,33.869998931884766,34.45000076293945,33.93921661376953,3702100
2025-09-03,34.290000915527344,34.630001068115234,33.91999816894531,34.34000015258789,33.83084487915039,1636500
2025-09-04,34.439998626708984,34.54999923706055,33.56999969482422,33.619998931884766,33.121517181396484,4211300
2025-09-05,33.720001220703125,33.78499984741211,33.0,33.68000030517578,33.18062973022461,6887000
2025-09-08,33.790000915527344,33.790000915527344,33.0099983215332,33.61000061035156,33.111671447753906,2372400
2025-09-09,32.91999816894531,33.81999969482422,32.91999816894531,33.38999938964844,32.894927978515625,2198900
2025-09-10,33.38999938964844,33.7599983215332,33.04499816894531,33.189998626708984,32.69789505004883,2213600
2025-09-11,33.29999923706055,33.880001068115234,33.275001525878906,33.880001068115234,33.37766647338867,1968100
2025-09-12,33.79999923706055,33.970001220703125,33.33000183105469,33.349998474121094,32.85552215576172,4129700
2025-09-15,33.56999969482422,33.619998931884766,32.46099853515625,32.5,32.018123626708984,5071900
2025-09-16,32.29999923706055,32.3650016784668,30.985000610351562,31.360000610351562,31.124874114990234,5030900
2025-09-17,31.479999542236328,31.979999542236328,31.34000015258789,31.6299991607666,31.392847061157227,3565600
2025-09-18,31.780000686645508,32.560001373291016,31.739999771118164,32.529998779296875,32.28609848022461,3698700
2025-09-19,32.72999954223633,32.959999084472656,32.41999816894531,32.7400016784668,32.494529724121094,7185600
2025-09-22,32.400001525878906,33.48500061035156,32.369998931884766,33.41999816894531,33.16942596435547,3566400
2025-09-23,33.470001220703125,33.880001068115234,33.20000076293945,33.29999923706055,33.05032730102539,4106800
2025-09-24,33.31999969482422,33.470001220703125,32.7400016784668,32.79999923706055,32.5540771484375,2034700
2025-09-25,32.70000076293945,32.95000076293945,32.518001556396484,32.61000061035156,32.365501403808594,2471200
2025-09-26,32.88999938964844,33.31999969482422,32.88999938964844,33.13999938964844,32.89152526855469,2070200
2025-09-29,33.13999938964844,33.2599983215332,32.599998474121094,33.04999923706055,32.80220031738281,3127100
2025-09-30,32.97999954223633,33.220001220703125,31.85099983215332,32.04999923706055,31.8096981048584,3901700
2025-10-01,31.8700008392334,32.57500076293945,31.8700008392334,32.25,32.008201599121094,4638200
2025-10-02,32.189998626708984,32.650001525878906,32.15999984741211,32.54999923706055,32.30595016479492,2576700
2025-10-03,32.63999938964844,32.974998474121094,32.54999923706055,32.70000076293945,32.45482635498047,2162700
2025-10-06,32.83000183105469,32.9900016784668,32.16999816894531,32.20000076293945,31.958576202392578,2799300
2025-10-07,32.220001220703125,32.560001373291016,32.119998931884766,32.41999816894531,32.17692565917969,3416400
2025-10-08,32.58000183105469,32.720001220703125,32.060001373291016,32.060001373291016,31.819625854492188,3038100
2025-10-09,32.040000915527344,32.47100067138672,31.895000457763672,32.18000030517578,31.938724517822266,4877500
2025-10-10,32.0099983215332,32.4900016784668,31.209999084472656,31.260000228881836,31.025623321533203,3834300
2025-10-13,31.799999237060547,31.940000534057617,31.408000946044922,31.559999465942383,31.323373794555664,2584400
2025-10-14,31.239999771118164,32.86000061035156,31.229999542236328,32.599998474121094,32.35557556152344,4410100
2025-10-15,32.79999923706055,32.9900016784668,31.829999923706055,32.15999984741211,31.918874740600586,2796600
2025-10-16,32.02000045776367,32.1510009765625,30.46500015258789,30.6299991607666,30.400344848632812,3568100
2025-10-17,30.6200008392334,31.075000762939453,30.549999237060547,30.989999771118164,30.757646560668945,3353300
2025-10-20,31.229999542236328,31.844999313354492,31.09000015258789,31.760000228881836,31.521873474121094,2512600
2025-10-21,31.68000030517578,32.3849983215332,31.68000030517578,32.18000030517578,31.938724517822266,2654800
2025-10-22,32.2599983215332,32.3650016784668,31.600000381469727,32.0,31.760074615478516,3209100
2025-10-23,31.950000762939453,32.209999084472656,31.729999542236328,31.860000610351562,31.621124267578125,2846700
2025-10-24,32.15999984741211,32.52000045776367,32.06999969482422,32.2599983215332,32.018123626708984,2335500
2025-10-27,32.56999969482422,32.720001220703125,32.09000015258789,32.13999938964844,31.899024963378906,2441000
2025-10-28,32.119998931884766,32.27000045776367,31.75,31.770000457763672,31.53179931640625,2228600
2025-10-29,31.530000686645508,32.20000076293945,31.489999771118164,31.829999923706055,31.59134864807129,2566100
2025-10-30,31.75,32.21500015258789,31.729999542236328,31.75,31.51194953918457,2450400
2025-10-31,31.790000915527344,32.619998931884766,31.56999969482422,32.560001373291016,32.31587600708008,3966000
2025-11-03,31.450000762939453,32.10499954223633,30.764999389648438,30.950000762939453,30.717947006225586,10961100
2025-11-04,31.0,32.05500030517578,30.389999389648438,31.260000228881836,31.025623321533203,6333800
2025-11-05,31.350000381469727,31.459999084472656,29.96500015258789,30.290000915527344,30.062896728515625,17600700
2025-11-06,30.5,30.940000534057617,29.780000686645508,29.90999984741211,29.685745239257812,9916900
2025-11-07,29.68000030517578,30.03499984741211,29.360000610351562,29.950000762939453,29.725444793701172,6958000
2025-11-10,29.920000076293945,30.344999313354492,29.44499969482422,30.15999984741211,29.933870315551758,4401500
2025-11-11,30.110000610351562,30.229999542236328,29.655000686645508,30.030000686645508,29.804845809936523,5854900
2025-11-12,30.219999313354492,30.510000228881836,29.940000534057617,30.3799991607666,30.152219772338867,7927300
2025-11-13,30.399999618530273,30.5,29.0,29.1299991607666,28.911592483520508,8886500
2025-11-14,29.010000228881836,29.600000381469727,28.75,29.1200008392334,28.901668548583984,6536900
2025-11-17,28.739999771118164,28.989999771118164,27.290000915527344,27.829999923706055,27.621339797973633,11963500
2025-11-18,27.559999465942383,28.209999084472656,27.540000915527344,27.610000610351562,27.402990341186523,6861100
2025-11-19,27.6200008392334,28.34000015258789,27.604999542236328,27.899999618530273,27.690814971923828,12757200
2025-11-20,28.360000610351562,28.815000534057617,27.635000228881836,27.760000228881836,27.551864624023438,8519900
2025-11-21,27.920000076293945,28.420000076293945,27.739999771118164,28.190000534057617,27.978641510009766,5186200
2025-11-24,28.209999084472656,28.635000228881836,28.149999618530273,28.510000228881836,28.296241760253906,7641800
2025-11-25,28.690000534057617,29.645000457763672,28.639999389648438,29.579999923706055,29.358219146728516,5866100
2025-11-26,29.670000076293945,30.299999237060547,29.655000686645508,30.030000686645508,29.804845809936523,5316200
2025-11-28,30.219999313354492,30.280000686645508,29.8700008392334,30.020000457763672,29.794919967651367,1708400
2025-12-01,29.860000610351562,30.299999237060547,29.690000534057617,29.75,29.526945114135742,5453300
2025-12-02,29.920000076293945,29.940000534057617,28.780000686645508,29.0,28.782567977905273,5506300
2025-12-03,29.010000228881836,29.825000762939453,28.90999984741211,29.559999465942383,29.338367462158203,5071200
2025-12-04,29.81999969482422,30.56999969482422,29.56999969482422,30.260000228881836,30.03312110900879,4826300
2025-12-05,30.309999465942383,30.760000228881836,30.239999771118164,30.3700008392334,30.142295837402344,7280900
2025-12-08,30.290000915527344,30.405000686645508,29.690000534057617,29.809999465942383,29.58649444580078,9152500
2025-12-09,29.899999618530273,30.770000457763672,29.799999237060547,30.690000534057617,30.459897994995117,6536100
2025-12-10,30.610000610351562,31.375,30.5,31.299999237060547,31.065322875976562,4560100
2025-12-11,30.950000762939453,31.709999084472656,30.950000762939453,31.65999984741211,31.422624588012695,3353800
2025-12-12,31.84000015258789,31.899999618530273,31.21500015258789,31.540000915527344,31.303524017333984,3967900
2025-12-15,32.81999969482422,32.880001068115234,31.110000610351562,32.16999816894531,31.92879867553711,13253300
2025-12-16,32.31999969482422,32.66999816894531,31.90999984741211,32.0099983215332,31.76999855041504,39081000
2025-12-17,31.670000076293945,31.985000610351562,30.299999237060547,30.520000457763672,30.520000457763672,12290600
2025-12-18,30.75,30.799999237060547,30.399999618530273,30.600000381469727,30.600000381469727,7219400
2025-12-19,30.6299991607666,31.065000534057617,30.6299991607666,30.719999313354492,30.719999313354492,10655400
2025-12-22,30.860000610351562,31.110000610351562,30.69499969482422,30.790000915527344,30.790000915527344,2272400
2025-12-23,30.610000610351562,30.875,30.545000076293945,30.59000015258789,30.59000015258789,2135900
2025-12-24,30.600000381469727,30.829999923706055,30.44499969482422,30.65999984741211,30.65999984741211,897800
2025-12-26,30.709999084472656,30.790000915527344,30.43000030517578,30.59000015258789,30.59000015258789,1516900
2025-12-29,30.540000915527344,30.65999984741211,30.295000076293945,30.440000534057617,30.440000534057617,2263500
2025-12-30,30.389999389648438,30.489999771118164,30.21500015258789,30.280000686645508,30.280000686645508,2772500
